{
    "accuracy": 0.9659192825112107,
    "precision": 0.9761904761904762,
    "recall": 0.7784810126582279,
    "auc": 0.9904765683901433
}